/abercorn  /abercorn.html  200
/acton-vale  /acton-vale.html  200
/adstock  /adstock.html  200
/aguanish  /aguanish.html  200
/akulivik  /akulivik.html  200
/akulivik  /akulivik.html  200
/akwesasne  /akwesasne.html  200
/albanel  /albanel.html  200
/albertville  /albertville.html  200
/alleyn-et-cawood  /alleyn-et-cawood.html  200
/alma  /alma.html  200
/amherst  /amherst.html  200
/amos  /amos.html  200
/amqui  /amqui.html  200
/ange-gardien  /ange-gardien.html  200
/armagh  /armagh.html  200
/arundel  /arundel.html  200
/ascot-corner  /ascot-corner.html  200
/aston-jonction  /aston-jonction.html  200
/auclair  /auclair.html  200
/audet  /audet.html  200
/aumond  /aumond.html  200
/aupaluk  /aupaluk.html  200
/aupaluk  /aupaluk.html  200
/austin  /austin.html  200
/authier  /authier.html  200
/authier-nord  /authier-nord.html  200
/ayer-s-cliff  /ayer-s-cliff.html  200
/baie-atibenne  /baie-atibenne.html  200
/baie-comeau  /baie-comeau.html  200
/baie-de-la-bouteille  /baie-de-la-bouteille.html  200
/baie-des-chaloupes  /baie-des-chaloupes.html  200
/baie-des-sables  /baie-des-sables.html  200
/baie-d-hudson  /baie-d-hudson.html  200
/baie-du-febvre  /baie-du-febvre.html  200
/baie-d-urfe  /baie-d-urfe.html  200
/baie-johan-beetz  /baie-johan-beetz.html  200
/baie-obaoca  /baie-obaoca.html  200
/baie-sainte-catherine  /baie-sainte-catherine.html  200
/baie-saint-paul  /baie-saint-paul.html  200
/baie-trinite  /baie-trinite.html  200
/barkmere  /barkmere.html  200
/barnston-ouest  /barnston-ouest.html  200
/barraute  /barraute.html  200
/batiscan  /batiscan.html  200
/beaconsfield  /beaconsfield.html  200
/bearn  /bearn.html  200
/beauceville  /beauceville.html  200
/beauharnois  /beauharnois.html  200
/beaulac-garthby  /beaulac-garthby.html  200
/beaumont  /beaumont.html  200
/beaupre  /beaupre.html  200
/becancour  /becancour.html  200
/bedford  /bedford.html  200
/bedford  /bedford.html  200
/begin  /begin.html  200
/belcourt  /belcourt.html  200
/belle-riviere  /belle-riviere.html  200
/belleterre  /belleterre.html  200
/beloeil  /beloeil.html  200
/berry  /berry.html  200
/berthier-sur-mer  /berthier-sur-mer.html  200
/berthierville  /berthierville.html  200
/bethanie  /bethanie.html  200
/biencourt  /biencourt.html  200
/blainville  /blainville.html  200
/blanc-sablon  /blanc-sablon.html  200
/blue-sea  /blue-sea.html  200
/boileau  /boileau.html  200
/boisbriand  /boisbriand.html  200
/boischatel  /boischatel.html  200
/bois-des-filion  /bois-des-filion.html  200
/bois-franc  /bois-franc.html  200
/bolton-est  /bolton-est.html  200
/bolton-ouest  /bolton-ouest.html  200
/bonaventure  /bonaventure.html  200
/bonne-esperance  /bonne-esperance.html  200
/bonsecours  /bonsecours.html  200
/boucherville  /boucherville.html  200
/bouchette  /bouchette.html  200
/bowman  /bowman.html  200
/brebeuf  /brebeuf.html  200
/brigham  /brigham.html  200
/bristol  /bristol.html  200
/brome  /brome.html  200
/bromont  /bromont.html  200
/brossard  /brossard.html  200
/brownsburg-chatham  /brownsburg-chatham.html  200
/bryson  /bryson.html  200
/bury  /bury.html  200
/cacouna  /cacouna.html  200
/cacouna  /cacouna.html  200
/calixa-lavallee  /calixa-lavallee.html  200
/campbell-s-bay  /campbell-s-bay.html  200
/candiac  /candiac.html  200
/caniapiscau  /caniapiscau.html  200
/cantley  /cantley.html  200
/cap-chat  /cap-chat.html  200
/caplan  /caplan.html  200
/cap-saint-ignace  /cap-saint-ignace.html  200
/cap-sante  /cap-sante.html  200
/carignan  /carignan.html  200
/carleton-sur-mer  /carleton-sur-mer.html  200
/cascades-malignes  /cascades-malignes.html  200
/cascapedia-saint-jules  /cascapedia-saint-jules.html  200
/causapscal  /causapscal.html  200
/cayamant  /cayamant.html  200
/chambly  /chambly.html  200
/chambord  /chambord.html  200
/champlain  /champlain.html  200
/champneuf  /champneuf.html  200
/chandler  /chandler.html  200
/chapais  /chapais.html  200
/charette  /charette.html  200
/charlemagne  /charlemagne.html  200
/chartierville  /chartierville.html  200
/chateauguay  /chateauguay.html  200
/chateau-richer  /chateau-richer.html  200
/chazel  /chazel.html  200
/chelsea  /chelsea.html  200
/cheneville  /cheneville.html  200
/chertsey  /chertsey.html  200
/chesterville  /chesterville.html  200
/chibougamau  /chibougamau.html  200
/chichester  /chichester.html  200
/chisasibi  /chisasibi.html  200
/chisasibi  /chisasibi.html  200
/chute-aux-outardes  /chute-aux-outardes.html  200
/chute-saint-philippe  /chute-saint-philippe.html  200
/clarenceville  /clarenceville.html  200
/clarendon  /clarendon.html  200
/clermont  /clermont.html  200
/clermont  /clermont.html  200
/clerval  /clerval.html  200
/cleveland  /cleveland.html  200
/cloridorme  /cloridorme.html  200
/coaticook  /coaticook.html  200
/collines-du-basque  /collines-du-basque.html  200
/colombier  /colombier.html  200
/compton  /compton.html  200
/contrecoeur  /contrecoeur.html  200
/cookshire-eaton  /cookshire-eaton.html  200
/coteau-du-lac  /coteau-du-lac.html  200
/cote-nord-du-golfe-du-saint-laurent  /cote-nord-du-golfe-du-saint-laurent.html  200
/cote-saint-luc  /cote-saint-luc.html  200
/coucoucache  /coucoucache.html  200
/coulee-des-adolphe  /coulee-des-adolphe.html  200
/courcelles-saint-evariste  /courcelles-saint-evariste.html  200
/cowansville  /cowansville.html  200
/crabtree  /crabtree.html  200
/danville  /danville.html  200
/daveluyville  /daveluyville.html  200
/degelis  /degelis.html  200
/deleage  /deleage.html  200
/delson  /delson.html  200
/denholm  /denholm.html  200
/depot-echouani  /depot-echouani.html  200
/desbiens  /desbiens.html  200
/deschaillons-sur-saint-laurent  /deschaillons-sur-saint-laurent.html  200
/deschambault-grondines  /deschambault-grondines.html  200
/deux-montagnes  /deux-montagnes.html  200
/disraeli  /disraeli.html  200
/disraeli  /disraeli.html  200
/dixville  /dixville.html  200
/dolbeau-mistassini  /dolbeau-mistassini.html  200
/dollard-des-ormeaux  /dollard-des-ormeaux.html  200
/doncaster  /doncaster.html  200
/donnacona  /donnacona.html  200
/dorval  /dorval.html  200
/dosquet  /dosquet.html  200
/drummondville  /drummondville.html  200
/dudswell  /dudswell.html  200
/duhamel  /duhamel.html  200
/duhamel-ouest  /duhamel-ouest.html  200
/dundee  /dundee.html  200
/dunham  /dunham.html  200
/duparquet  /duparquet.html  200
/dupuy  /dupuy.html  200
/durham-sud  /durham-sud.html  200
/east-angus  /east-angus.html  200
/east-broughton  /east-broughton.html  200
/east-farnham  /east-farnham.html  200
/east-hereford  /east-hereford.html  200
/eastmain  /eastmain.html  200
/eastmain  /eastmain.html  200
/eastman  /eastman.html  200
/eeyou-istchee-baie-james  /eeyou-istchee-baie-james.html  200
/egan-sud  /egan-sud.html  200
/elgin  /elgin.html  200
/entrelacs  /entrelacs.html  200
/escuminac  /escuminac.html  200
/esprit-saint  /esprit-saint.html  200
/essipit  /essipit.html  200
/esterel  /esterel.html  200
/farnham  /farnham.html  200
/fassett  /fassett.html  200
/ferland-et-boilleau  /ferland-et-boilleau.html  200
/ferme-neuve  /ferme-neuve.html  200
/fermont  /fermont.html  200
/forestville  /forestville.html  200
/fort-coulonge  /fort-coulonge.html  200
/fortierville  /fortierville.html  200
/fossambault-sur-le-lac  /fossambault-sur-le-lac.html  200
/frampton  /frampton.html  200
/franklin  /franklin.html  200
/franquelin  /franquelin.html  200
/frelighsburg  /frelighsburg.html  200
/frontenac  /frontenac.html  200
/fugereville  /fugereville.html  200
/gallichan  /gallichan.html  200
/gaspe  /gaspe.html  200
/gatineau  /gatineau.html  200
/gesgapegiag  /gesgapegiag.html  200
/girardville  /girardville.html  200
/godbout  /godbout.html  200
/godmanchester  /godmanchester.html  200
/gore  /gore.html  200
/gracefield  /gracefield.html  200
/granby  /granby.html  200
/grande-riviere  /grande-riviere.html  200
/grandes-piles  /grandes-piles.html  200
/grande-vallee  /grande-vallee.html  200
/grand-metis  /grand-metis.html  200
/grand-remous  /grand-remous.html  200
/grand-saint-esprit  /grand-saint-esprit.html  200
/grenville  /grenville.html  200
/grenville-sur-la-rouge  /grenville-sur-la-rouge.html  200
/gros-mecatina  /gros-mecatina.html  200
/grosse-ile  /grosse-ile.html  200
/grosses-roches  /grosses-roches.html  200
/guerin  /guerin.html  200
/ham-nord  /ham-nord.html  200
/hampden  /hampden.html  200
/hampstead  /hampstead.html  200
/ham-sud  /ham-sud.html  200
/harrington  /harrington.html  200
/hatley  /hatley.html  200
/hatley  /hatley.html  200
/havelock  /havelock.html  200
/havre-saint-pierre  /havre-saint-pierre.html  200
/hebertville  /hebertville.html  200
/hebertville-station  /hebertville-station.html  200
/hemmingford  /hemmingford.html  200
/hemmingford  /hemmingford.html  200
/henryville  /henryville.html  200
/herouxville  /herouxville.html  200
/hinchinbrooke  /hinchinbrooke.html  200
/honfleur  /honfleur.html  200
/hope  /hope.html  200
/hope-town  /hope-town.html  200
/howick  /howick.html  200
/huberdeau  /huberdeau.html  200
/hudson  /hudson.html  200
/huntingdon  /huntingdon.html  200
/inukjuak  /inukjuak.html  200
/inukjuak  /inukjuak.html  200
/inverness  /inverness.html  200
/irlande  /irlande.html  200
/ivry-sur-le-lac  /ivry-sur-le-lac.html  200
/ivujivik  /ivujivik.html  200
/ivujivik  /ivujivik.html  200
/joliette  /joliette.html  200
/kahnawake  /kahnawake.html  200
/kamouraska  /kamouraska.html  200
/kangiqsualujjuaq  /kangiqsualujjuaq.html  200
/kangiqsualujjuaq  /kangiqsualujjuaq.html  200
/kangiqsujuaq  /kangiqsujuaq.html  200
/kangiqsujuaq  /kangiqsujuaq.html  200
/kangirsuk  /kangirsuk.html  200
/kangirsuk  /kangirsuk.html  200
/kataskomiq  /kataskomiq.html  200
/kawawachikamach  /kawawachikamach.html  200
/kawawachikamach  /kawawachikamach.html  200
/kazabazua  /kazabazua.html  200
/kebaowek  /kebaowek.html  200
/kiamika  /kiamika.html  200
/kingsbury  /kingsbury.html  200
/kingsey-falls  /kingsey-falls.html  200
/kinnear-s-mills  /kinnear-s-mills.html  200
/kipawa  /kipawa.html  200
/kirkland  /kirkland.html  200
/kitigan-zibi  /kitigan-zibi.html  200
/kuujjuaq  /kuujjuaq.html  200
/kuujjuaq  /kuujjuaq.html  200
/kuujjuarapik  /kuujjuarapik.html  200
/kuujjuarapik  /kuujjuarapik.html  200
/la-bostonnais  /la-bostonnais.html  200
/la-conception  /la-conception.html  200
/la-corne  /la-corne.html  200
/la-dore  /la-dore.html  200
/la-durantaye  /la-durantaye.html  200
/la-guadeloupe  /la-guadeloupe.html  200
/la-macaza  /la-macaza.html  200
/la-malbaie  /la-malbaie.html  200
/la-martre  /la-martre.html  200
/la-minerve  /la-minerve.html  200
/la-morandiere-rochebaucourt  /la-morandiere-rochebaucourt.html  200
/la-motte  /la-motte.html  200
/la-patrie  /la-patrie.html  200
/la-peche  /la-peche.html  200
/la-pocatiere  /la-pocatiere.html  200
/la-prairie  /la-prairie.html  200
/la-presentation  /la-presentation.html  200
/la-redemption  /la-redemption.html  200
/la-reine  /la-reine.html  200
/la-romaine  /la-romaine.html  200
/la-sarre  /la-sarre.html  200
/la-trinite-des-monts  /la-trinite-des-monts.html  200
/la-tuque  /la-tuque.html  200
/la-visitation-de-l-ile-dupas  /la-visitation-de-l-ile-dupas.html  200
/la-visitation-de-yamaska  /la-visitation-de-yamaska.html  200
/labelle  /labelle.html  200
/labrecque  /labrecque.html  200
/lac-achouakan  /lac-achouakan.html  200
/lac-akonapwehikan  /lac-akonapwehikan.html  200
/lac-a-la-croix  /lac-a-la-croix.html  200
/lac-alfred  /lac-alfred.html  200
/lac-ashuapmushuan  /lac-ashuapmushuan.html  200
/lac-au-brochet  /lac-au-brochet.html  200
/lac-au-saumon  /lac-au-saumon.html  200
/lac-aux-sables  /lac-aux-sables.html  200
/lac-bazinet  /lac-bazinet.html  200
/lac-beauport  /lac-beauport.html  200
/lac-blanc  /lac-blanc.html  200
/lac-boisbouscache  /lac-boisbouscache.html  200
/lac-bouchette  /lac-bouchette.html  200
/lac-boule  /lac-boule.html  200
/lac-brome  /lac-brome.html  200
/lac-cabasta  /lac-cabasta.html  200
/lac-casault  /lac-casault.html  200
/lac-chicobi  /lac-chicobi.html  200
/lac-croche  /lac-croche.html  200
/lac-de-la-bidiere  /lac-de-la-bidiere.html  200
/lac-delage  /lac-delage.html  200
/lac-de-la-maison-de-pierre  /lac-de-la-maison-de-pierre.html  200
/lac-de-la-pomme  /lac-de-la-pomme.html  200
/lac-des-aigles  /lac-des-aigles.html  200
/lac-des-dix-milles  /lac-des-dix-milles.html  200
/lac-des-eaux-mortes  /lac-des-eaux-mortes.html  200
/lac-des-ecorces  /lac-des-ecorces.html  200
/lac-despinassy  /lac-despinassy.html  200
/lac-des-plages  /lac-des-plages.html  200
/lac-des-seize-iles  /lac-des-seize-iles.html  200
/lac-devenyns  /lac-devenyns.html  200
/lac-douaire  /lac-douaire.html  200
/lac-drolet  /lac-drolet.html  200
/lac-du-cerf  /lac-du-cerf.html  200
/lac-duparquet  /lac-duparquet.html  200
/lac-du-taureau  /lac-du-taureau.html  200
/lac-edouard  /lac-edouard.html  200
/lac-ernest  /lac-ernest.html  200
/lac-etchemin  /lac-etchemin.html  200
/lac-frontiere  /lac-frontiere.html  200
/lac-granet  /lac-granet.html  200
/lac-huron  /lac-huron.html  200
/lachute  /lachute.html  200
/lac-jacques-cartier  /lac-jacques-cartier.html  200
/lac-jerome  /lac-jerome.html  200
/lac-john  /lac-john.html  200
/lac-juillet  /lac-juillet.html  200
/lac-lapeyrere  /lac-lapeyrere.html  200
/lac-legendre  /lac-legendre.html  200
/lac-lenotre  /lac-lenotre.html  200
/lac-marguerite  /lac-marguerite.html  200
/lac-masketsi  /lac-masketsi.html  200
/lac-matapedia  /lac-matapedia.html  200
/lac-matawin  /lac-matawin.html  200
/lac-megantic  /lac-megantic.html  200
/lac-metei  /lac-metei.html  200
/lac-minaki  /lac-minaki.html  200
/lac-ministuk  /lac-ministuk.html  200
/lac-moncouche  /lac-moncouche.html  200
/lac-moselle  /lac-moselle.html  200
/lac-nilgaut  /lac-nilgaut.html  200
/lac-normand  /lac-normand.html  200
/lacolle  /lacolle.html  200
/lac-oscar  /lac-oscar.html  200
/lac-pikauba  /lac-pikauba.html  200
/lac-poulin  /lac-poulin.html  200
/lac-pythonga  /lac-pythonga.html  200
/lac-rapide  /lac-rapide.html  200
/lac-saguay  /lac-saguay.html  200
/lac-sainte-marie  /lac-sainte-marie.html  200
/lac-saint-joseph  /lac-saint-joseph.html  200
/lac-saint-paul  /lac-saint-paul.html  200
/lac-sante  /lac-sante.html  200
/lac-sergent  /lac-sergent.html  200
/lac-simon  /lac-simon.html  200
/lac-simon  /lac-simon.html  200
/lac-superieur  /lac-superieur.html  200
/lac-tremblant-nord  /lac-tremblant-nord.html  200
/lac-vacher  /lac-vacher.html  200
/lac-wagwabika  /lac-wagwabika.html  200
/lac-walker  /lac-walker.html  200
/laforce  /laforce.html  200
/lalemant  /lalemant.html  200
/lamarche  /lamarche.html  200
/lambton  /lambton.html  200
/l-ancienne-lorette  /l-ancienne-lorette.html  200
/landrienne  /landrienne.html  200
/l-ange-gardien  /l-ange-gardien.html  200
/l-ange-gardien  /l-ange-gardien.html  200
/laniel  /laniel.html  200
/lanoraie  /lanoraie.html  200
/l-anse-saint-jean  /l-anse-saint-jean.html  200
/lantier  /lantier.html  200
/larouche  /larouche.html  200
/l-ascension  /l-ascension.html  200
/l-ascension-de-notre-seigneur  /l-ascension-de-notre-seigneur.html  200
/l-ascension-de-patapedia  /l-ascension-de-patapedia.html  200
/l-assomption  /l-assomption.html  200
/latulipe-et-gaboury  /latulipe-et-gaboury.html  200
/launay  /launay.html  200
/laurier-station  /laurier-station.html  200
/laurierville  /laurierville.html  200
/laval  /laval.html  200
/lavaltrie  /lavaltrie.html  200
/l-avenir  /l-avenir.html  200
/laverlochere-angliers  /laverlochere-angliers.html  200
/lawrenceville  /lawrenceville.html  200
/lebel-sur-quevillon  /lebel-sur-quevillon.html  200
/leclercville  /leclercville.html  200
/lefebvre  /lefebvre.html  200
/lejeune  /lejeune.html  200
/lemieux  /lemieux.html  200
/l-epiphanie  /l-epiphanie.html  200
/lery  /lery.html  200
/les-bergeronnes  /les-bergeronnes.html  200
/les-cedres  /les-cedres.html  200
/les-coteaux  /les-coteaux.html  200
/les-eboulements  /les-eboulements.html  200
/les-escoumins  /les-escoumins.html  200
/les-hauteurs  /les-hauteurs.html  200
/les-iles-de-la-madeleine  /les-iles-de-la-madeleine.html  200
/les-lacs-du-temiscamingue  /les-lacs-du-temiscamingue.html  200
/les-mechins  /les-mechins.html  200
/levis  /levis.html  200
/l-ile-cadieux  /l-ile-cadieux.html  200
/l-ile-d-anticosti  /l-ile-d-anticosti.html  200
/l-ile-dorval  /l-ile-dorval.html  200
/l-ile-du-grand-calumet  /l-ile-du-grand-calumet.html  200
/l-ile-perrot  /l-ile-perrot.html  200
/lingwick  /lingwick.html  200
/linton  /linton.html  200
/l-isle-aux-allumettes  /l-isle-aux-allumettes.html  200
/l-isle-aux-coudres  /l-isle-aux-coudres.html  200
/l-islet  /l-islet.html  200
/l-isle-verte  /l-isle-verte.html  200
/listuguj  /listuguj.html  200
/litchfield  /litchfield.html  200
/lochaber  /lochaber.html  200
/lochaber-partie-ouest  /lochaber-partie-ouest.html  200
/longue-pointe-de-mingan  /longue-pointe-de-mingan.html  200
/longue-rive  /longue-rive.html  200
/longueuil  /longueuil.html  200
/lorraine  /lorraine.html  200
/lorrainville  /lorrainville.html  200
/lotbiniere  /lotbiniere.html  200
/louiseville  /louiseville.html  200
/low  /low.html  200
/lyster  /lyster.html  200
/macamic  /macamic.html  200
/maddington-falls  /maddington-falls.html  200
/magog  /magog.html  200
/malartic  /malartic.html  200
/maliotenam  /maliotenam.html  200
/manawan  /manawan.html  200
/mandeville  /mandeville.html  200
/maniwaki  /maniwaki.html  200
/manseau  /manseau.html  200
/mansfield-et-pontefract  /mansfield-et-pontefract.html  200
/maria  /maria.html  200
/maricourt  /maricourt.html  200
/marieville  /marieville.html  200
/marsoui  /marsoui.html  200
/marston  /marston.html  200
/martinville  /martinville.html  200
/mascouche  /mascouche.html  200
/mashteuiatsh  /mashteuiatsh.html  200
/maskinonge  /maskinonge.html  200
/massueville  /massueville.html  200
/matagami  /matagami.html  200
/matane  /matane.html  200
/matapedia  /matapedia.html  200
/matchi-manitou  /matchi-manitou.html  200
/matimekosh  /matimekosh.html  200
/mayo  /mayo.html  200
/mcmasterville  /mcmasterville.html  200
/melbourne  /melbourne.html  200
/mercier  /mercier.html  200
/messines  /messines.html  200
/metabetchouan-lac-a-la-croix  /metabetchouan-lac-a-la-croix.html  200
/metis-sur-mer  /metis-sur-mer.html  200
/milan  /milan.html  200
/mille-isles  /mille-isles.html  200
/mingan  /mingan.html  200
/mirabel  /mirabel.html  200
/mistissini  /mistissini.html  200
/mistissini  /mistissini.html  200
/moffet  /moffet.html  200
/mont-albert  /mont-albert.html  200
/mont-alexandre  /mont-alexandre.html  200
/mont-apica  /mont-apica.html  200
/mont-blanc  /mont-blanc.html  200
/montcalm  /montcalm.html  200
/mont-carmel  /mont-carmel.html  200
/montcerf-lytton  /montcerf-lytton.html  200
/montebello  /montebello.html  200
/mont-elie  /mont-elie.html  200
/mont-joli  /mont-joli.html  200
/mont-laurier  /mont-laurier.html  200
/montmagny  /montmagny.html  200
/montpellier  /montpellier.html  200
/montreal  /montreal.html  200
/montreal-est  /montreal-est.html  200
/montreal-ouest  /montreal-ouest.html  200
/mont-royal  /mont-royal.html  200
/mont-saint-gregoire  /mont-saint-gregoire.html  200
/mont-saint-hilaire  /mont-saint-hilaire.html  200
/mont-saint-michel  /mont-saint-michel.html  200
/mont-saint-pierre  /mont-saint-pierre.html  200
/mont-tremblant  /mont-tremblant.html  200
/mont-valin  /mont-valin.html  200
/morin-heights  /morin-heights.html  200
/mulgrave-et-derry  /mulgrave-et-derry.html  200
/murdochville  /murdochville.html  200
/namur  /namur.html  200
/nantes  /nantes.html  200
/napierville  /napierville.html  200
/natashquan  /natashquan.html  200
/natashquan  /natashquan.html  200
/notre-dame-auxiliatrice-de-buckland  /notre-dame-auxiliatrice-de-buckland.html  200
/notre-dame-de-bonsecours  /notre-dame-de-bonsecours.html  200
/notre-dame-du-sacre-coeur-d-issoudun  /notre-dame-du-sacre-coeur-d-issoudun.html  200
/nedelec  /nedelec.html  200
/nemaska  /nemaska.html  200
/nemaska  /nemaska.html  200
/neuville  /neuville.html  200
/new-carlisle  /new-carlisle.html  200
/new-richmond  /new-richmond.html  200
/newport  /newport.html  200
/nicolet  /nicolet.html  200
/nominingue  /nominingue.html  200
/normandin  /normandin.html  200
/normetal  /normetal.html  200
/north-hatley  /north-hatley.html  200
/notre-dame-de-ham  /notre-dame-de-ham.html  200
/notre-dame-de-la-merci  /notre-dame-de-la-merci.html  200
/notre-dame-de-la-paix  /notre-dame-de-la-paix.html  200
/notre-dame-de-la-salette  /notre-dame-de-la-salette.html  200
/notre-dame-de-l-ile-perrot  /notre-dame-de-l-ile-perrot.html  200
/notre-dame-de-lorette  /notre-dame-de-lorette.html  200
/notre-dame-de-lourdes  /notre-dame-de-lourdes.html  200
/notre-dame-de-lourdes  /notre-dame-de-lourdes.html  200
/notre-dame-de-montauban  /notre-dame-de-montauban.html  200
/notre-dame-de-pontmain  /notre-dame-de-pontmain.html  200
/notre-dame-des-anges  /notre-dame-des-anges.html  200
/notre-dame-des-bois  /notre-dame-des-bois.html  200
/notre-dame-des-monts  /notre-dame-des-monts.html  200
/notre-dame-des-neiges  /notre-dame-des-neiges.html  200
/notre-dame-des-pins  /notre-dame-des-pins.html  200
/notre-dame-des-prairies  /notre-dame-des-prairies.html  200
/notre-dame-des-sept-douleurs  /notre-dame-des-sept-douleurs.html  200
/notre-dame-de-stanbridge  /notre-dame-de-stanbridge.html  200
/notre-dame-du-bon-conseil  /notre-dame-du-bon-conseil.html  200
/notre-dame-du-bon-conseil  /notre-dame-du-bon-conseil.html  200
/notre-dame-du-laus  /notre-dame-du-laus.html  200
/notre-dame-du-mont-carmel  /notre-dame-du-mont-carmel.html  200
/notre-dame-du-nord  /notre-dame-du-nord.html  200
/notre-dame-du-portage  /notre-dame-du-portage.html  200
/notre-dame-du-rosaire  /notre-dame-du-rosaire.html  200
/nouvelle  /nouvelle.html  200
/noyan  /noyan.html  200
/obedjiwan  /obedjiwan.html  200
/odanak  /odanak.html  200
/ogden  /ogden.html  200
/oka  /oka.html  200
/orford  /orford.html  200
/ormstown  /ormstown.html  200
/otter-lake  /otter-lake.html  200
/otterburn-park  /otterburn-park.html  200
/ouje-bougoumou  /ouje-bougoumou.html  200
/ouje-bougoumou  /ouje-bougoumou.html  200
/packington  /packington.html  200
/padoue  /padoue.html  200
/palmarolle  /palmarolle.html  200
/papineauville  /papineauville.html  200
/parisville  /parisville.html  200
/paspebiac  /paspebiac.html  200
/passes-dangereuses  /passes-dangereuses.html  200
/perce  /perce.html  200
/peribonka  /peribonka.html  200
/pessamit  /pessamit.html  200
/petite-riviere-saint-francois  /petite-riviere-saint-francois.html  200
/petite-vallee  /petite-vallee.html  200
/petit-lac-sainte-anne  /petit-lac-sainte-anne.html  200
/petit-mecatina  /petit-mecatina.html  200
/petit-saguenay  /petit-saguenay.html  200
/picard  /picard.html  200
/piedmont  /piedmont.html  200
/pierreville  /pierreville.html  200
/pike-river  /pike-river.html  200
/pikogan  /pikogan.html  200
/pincourt  /pincourt.html  200
/piopolis  /piopolis.html  200
/plaisance  /plaisance.html  200
/plessisville  /plessisville.html  200
/pohenegamook  /pohenegamook.html  200
/pointe-a-la-croix  /pointe-a-la-croix.html  200
/pointe-aux-outardes  /pointe-aux-outardes.html  200
/pointe-calumet  /pointe-calumet.html  200
/pointe-claire  /pointe-claire.html  200
/pointe-des-cascades  /pointe-des-cascades.html  200
/pointe-fortune  /pointe-fortune.html  200
/pointe-lebel  /pointe-lebel.html  200
/pontiac  /pontiac.html  200
/pont-rouge  /pont-rouge.html  200
/portage-du-fort  /portage-du-fort.html  200
/port-cartier  /port-cartier.html  200
/port-daniel-gascons  /port-daniel-gascons.html  200
/portneuf  /portneuf.html  200
/portneuf-sur-mer  /portneuf-sur-mer.html  200
/potton  /potton.html  200
/poularies  /poularies.html  200
/preissac  /preissac.html  200
/prevost  /prevost.html  200
/price  /price.html  200
/princeville  /princeville.html  200
/puvirnituq  /puvirnituq.html  200
/quaqtaq  /quaqtaq.html  200
/quaqtaq  /quaqtaq.html  200
/quebec  /quebec.html  200
/racine  /racine.html  200
/ragueneau  /ragueneau.html  200
/rapide-danseur  /rapide-danseur.html  200
/rapides-des-joachims  /rapides-des-joachims.html  200
/rawdon  /rawdon.html  200
/remigny  /remigny.html  200
/repentigny  /repentigny.html  200
/reservoir-dozois  /reservoir-dozois.html  200
/richelieu  /richelieu.html  200
/richmond  /richmond.html  200
/rigaud  /rigaud.html  200
/rimouski  /rimouski.html  200
/ripon  /ripon.html  200
/ristigouche-sud-est  /ristigouche-sud-est.html  200
/riviere-a-claude  /riviere-a-claude.html  200
/riviere-a-pierre  /riviere-a-pierre.html  200
/riviere-au-tonnerre  /riviere-au-tonnerre.html  200
/riviere-aux-outardes  /riviere-aux-outardes.html  200
/riviere-beaudette  /riviere-beaudette.html  200
/riviere-bleue  /riviere-bleue.html  200
/riviere-bonaventure  /riviere-bonaventure.html  200
/riviere-bonjour  /riviere-bonjour.html  200
/riviere-de-la-savane  /riviere-de-la-savane.html  200
/riviere-du-loup  /riviere-du-loup.html  200
/riviere-eternite  /riviere-eternite.html  200
/riviere-heva  /riviere-heva.html  200
/riviere-koksoak  /riviere-koksoak.html  200
/riviere-mistassini  /riviere-mistassini.html  200
/riviere-mouchalagane  /riviere-mouchalagane.html  200
/riviere-nipissis  /riviere-nipissis.html  200
/riviere-nouvelle  /riviere-nouvelle.html  200
/riviere-ojima  /riviere-ojima.html  200
/riviere-ouelle  /riviere-ouelle.html  200
/riviere-patapedia-est  /riviere-patapedia-est.html  200
/riviere-rouge  /riviere-rouge.html  200
/riviere-saint-jean  /riviere-saint-jean.html  200
/riviere-saint-jean  /riviere-saint-jean.html  200
/riviere-vaseuse  /riviere-vaseuse.html  200
/roberval  /roberval.html  200
/roquemaure  /roquemaure.html  200
/rosemere  /rosemere.html  200
/rougemont  /rougemont.html  200
/routhierville  /routhierville.html  200
/rouyn-noranda  /rouyn-noranda.html  200
/roxton  /roxton.html  200
/roxton-falls  /roxton-falls.html  200
/roxton-pond  /roxton-pond.html  200
/ruisseau-des-mineurs  /ruisseau-des-mineurs.html  200
/ruisseau-ferguson  /ruisseau-ferguson.html  200
/sacre-coeur  /sacre-coeur.html  200
/sacre-coeur-de-jesus  /sacre-coeur-de-jesus.html  200
/sagard  /sagard.html  200
/saguenay  /saguenay.html  200
/saint-adalbert  /saint-adalbert.html  200
/saint-adelme  /saint-adelme.html  200
/saint-adelphe  /saint-adelphe.html  200
/saint-adolphe-d-howard  /saint-adolphe-d-howard.html  200
/saint-adrien  /saint-adrien.html  200
/saint-adrien-d-irlande  /saint-adrien-d-irlande.html  200
/saint-agapit  /saint-agapit.html  200
/saint-aime  /saint-aime.html  200
/saint-aime-des-lacs  /saint-aime-des-lacs.html  200
/saint-aime-du-lac-des-iles  /saint-aime-du-lac-des-iles.html  200
/saint-alban  /saint-alban.html  200
/saint-albert  /saint-albert.html  200
/saint-alexandre  /saint-alexandre.html  200
/saint-alexandre-de-kamouraska  /saint-alexandre-de-kamouraska.html  200
/saint-alexandre-des-lacs  /saint-alexandre-des-lacs.html  200
/saint-alexis  /saint-alexis.html  200
/saint-alexis-de-matapedia  /saint-alexis-de-matapedia.html  200
/saint-alexis-des-monts  /saint-alexis-des-monts.html  200
/saint-alfred  /saint-alfred.html  200
/saint-alphonse  /saint-alphonse.html  200
/saint-alphonse-de-granby  /saint-alphonse-de-granby.html  200
/saint-alphonse-rodriguez  /saint-alphonse-rodriguez.html  200
/saint-amable  /saint-amable.html  200
/saint-ambroise  /saint-ambroise.html  200
/saint-ambroise-de-kildare  /saint-ambroise-de-kildare.html  200
/saint-anaclet-de-lessard  /saint-anaclet-de-lessard.html  200
/saint-andre-avellin  /saint-andre-avellin.html  200
/saint-andre-d-argenteuil  /saint-andre-d-argenteuil.html  200
/saint-andre-de-kamouraska  /saint-andre-de-kamouraska.html  200
/saint-andre-de-restigouche  /saint-andre-de-restigouche.html  200
/saint-andre-du-lac-saint-jean  /saint-andre-du-lac-saint-jean.html  200
/saint-anicet  /saint-anicet.html  200
/saint-anselme  /saint-anselme.html  200
/saint-antoine-de-tilly  /saint-antoine-de-tilly.html  200
/saint-antoine-de-l-isle-aux-grues  /saint-antoine-de-l-isle-aux-grues.html  200
/saint-antoine-sur-richelieu  /saint-antoine-sur-richelieu.html  200
/saint-antonin  /saint-antonin.html  200
/saint-apollinaire  /saint-apollinaire.html  200
/saint-armand  /saint-armand.html  200
/saint-arsene  /saint-arsene.html  200
/saint-athanase  /saint-athanase.html  200
/saint-aubert  /saint-aubert.html  200
/saint-augustin  /saint-augustin.html  200
/saint-augustin  /saint-augustin.html  200
/saint-augustin-de-desmaures  /saint-augustin-de-desmaures.html  200
/saint-augustin-de-woburn  /saint-augustin-de-woburn.html  200
/saint-barnabe  /saint-barnabe.html  200
/saint-barnabe-sud  /saint-barnabe-sud.html  200
/saint-barthelemy  /saint-barthelemy.html  200
/saint-basile  /saint-basile.html  200
/saint-basile-le-grand  /saint-basile-le-grand.html  200
/saint-benjamin  /saint-benjamin.html  200
/saint-benoit-du-lac  /saint-benoit-du-lac.html  200
/saint-benoit-labre  /saint-benoit-labre.html  200
/saint-bernard  /saint-bernard.html  200
/saint-bernard-de-lacolle  /saint-bernard-de-lacolle.html  200
/saint-bernard-de-michaudville  /saint-bernard-de-michaudville.html  200
/saint-blaise-sur-richelieu  /saint-blaise-sur-richelieu.html  200
/saint-bonaventure  /saint-bonaventure.html  200
/saint-boniface  /saint-boniface.html  200
/saint-bruno  /saint-bruno.html  200
/saint-bruno-de-guigues  /saint-bruno-de-guigues.html  200
/saint-bruno-de-kamouraska  /saint-bruno-de-kamouraska.html  200
/saint-bruno-de-montarville  /saint-bruno-de-montarville.html  200
/saint-calixte  /saint-calixte.html  200
/saint-camille  /saint-camille.html  200
/saint-camille-de-lellis  /saint-camille-de-lellis.html  200
/saint-casimir  /saint-casimir.html  200
/saint-celestin  /saint-celestin.html  200
/saint-celestin  /saint-celestin.html  200
/saint-cesaire  /saint-cesaire.html  200
/saint-charles-borromee  /saint-charles-borromee.html  200
/saint-charles-de-bellechasse  /saint-charles-de-bellechasse.html  200
/saint-charles-de-bourget  /saint-charles-de-bourget.html  200
/saint-charles-garnier  /saint-charles-garnier.html  200
/saint-charles-sur-richelieu  /saint-charles-sur-richelieu.html  200
/saint-christophe-d-arthabaska  /saint-christophe-d-arthabaska.html  200
/saint-chrysostome  /saint-chrysostome.html  200
/saint-claude  /saint-claude.html  200
/saint-clement  /saint-clement.html  200
/saint-cleophas  /saint-cleophas.html  200
/saint-cleophas-de-brandon  /saint-cleophas-de-brandon.html  200
/saint-clet  /saint-clet.html  200
/saint-colomban  /saint-colomban.html  200
/saint-come  /saint-come.html  200
/saint-come-liniere  /saint-come-liniere.html  200
/saint-constant  /saint-constant.html  200
/saint-cuthbert  /saint-cuthbert.html  200
/saint-cyprien  /saint-cyprien.html  200
/saint-cyprien  /saint-cyprien.html  200
/saint-cyprien-de-napierville  /saint-cyprien-de-napierville.html  200
/saint-cyrille-de-lessard  /saint-cyrille-de-lessard.html  200
/saint-cyrille-de-wendover  /saint-cyrille-de-wendover.html  200
/saint-damase  /saint-damase.html  200
/saint-damase  /saint-damase.html  200
/saint-damase-de-l-islet  /saint-damase-de-l-islet.html  200
/saint-damien  /saint-damien.html  200
/saint-damien-de-buckland  /saint-damien-de-buckland.html  200
/saint-david  /saint-david.html  200
/saint-david-de-falardeau  /saint-david-de-falardeau.html  200
/saint-denis-de-la-bouteillerie  /saint-denis-de-la-bouteillerie.html  200
/saint-denis-de-brompton  /saint-denis-de-brompton.html  200
/saint-denis-sur-richelieu  /saint-denis-sur-richelieu.html  200
/saint-didace  /saint-didace.html  200
/saint-dominique  /saint-dominique.html  200
/saint-dominique-du-rosaire  /saint-dominique-du-rosaire.html  200
/saint-donat  /saint-donat.html  200
/saint-donat  /saint-donat.html  200
/sainte-adele  /sainte-adele.html  200
/sainte-agathe-de-lotbiniere  /sainte-agathe-de-lotbiniere.html  200
/sainte-agathe-des-monts  /sainte-agathe-des-monts.html  200
/sainte-angele-de-merici  /sainte-angele-de-merici.html  200
/sainte-angele-de-monnoir  /sainte-angele-de-monnoir.html  200
/sainte-angele-de-premont  /sainte-angele-de-premont.html  200
/sainte-anne-de-beaupre  /sainte-anne-de-beaupre.html  200
/sainte-anne-de-bellevue  /sainte-anne-de-bellevue.html  200
/sainte-anne-de-la-perade  /sainte-anne-de-la-perade.html  200
/sainte-anne-de-la-rochelle  /sainte-anne-de-la-rochelle.html  200
/sainte-anne-de-sabrevois  /sainte-anne-de-sabrevois.html  200
/sainte-anne-des-lacs  /sainte-anne-des-lacs.html  200
/sainte-anne-des-monts  /sainte-anne-des-monts.html  200
/sainte-anne-de-sorel  /sainte-anne-de-sorel.html  200
/sainte-anne-des-plaines  /sainte-anne-des-plaines.html  200
/sainte-anne-du-lac  /sainte-anne-du-lac.html  200
/sainte-apolline-de-patton  /sainte-apolline-de-patton.html  200
/sainte-aurelie  /sainte-aurelie.html  200
/sainte-barbe  /sainte-barbe.html  200
/sainte-beatrix  /sainte-beatrix.html  200
/sainte-brigide-d-iberville  /sainte-brigide-d-iberville.html  200
/sainte-brigitte-de-laval  /sainte-brigitte-de-laval.html  200
/sainte-brigitte-des-saults  /sainte-brigitte-des-saults.html  200
/sainte-catherine  /sainte-catherine.html  200
/sainte-catherine-de-hatley  /sainte-catherine-de-hatley.html  200
/sainte-cecile-de-levrard  /sainte-cecile-de-levrard.html  200
/sainte-cecile-de-milton  /sainte-cecile-de-milton.html  200
/sainte-cecile-de-whitton  /sainte-cecile-de-whitton.html  200
/sainte-christine  /sainte-christine.html  200
/sainte-christine-d-auvergne  /sainte-christine-d-auvergne.html  200
/sainte-claire  /sainte-claire.html  200
/sainte-clotilde  /sainte-clotilde.html  200
/sainte-clotilde-de-beauce  /sainte-clotilde-de-beauce.html  200
/sainte-clotilde-de-horton  /sainte-clotilde-de-horton.html  200
/sainte-croix  /sainte-croix.html  200
/saint-edmond-de-grantham  /saint-edmond-de-grantham.html  200
/saint-edmond-les-plaines  /saint-edmond-les-plaines.html  200
/saint-edouard  /saint-edouard.html  200
/saint-edouard-de-fabre  /saint-edouard-de-fabre.html  200
/saint-edouard-de-lotbiniere  /saint-edouard-de-lotbiniere.html  200
/saint-edouard-de-maskinonge  /saint-edouard-de-maskinonge.html  200
/sainte-edwidge-de-clifton  /sainte-edwidge-de-clifton.html  200
/sainte-elisabeth  /sainte-elisabeth.html  200
/sainte-elisabeth-de-proulx  /sainte-elisabeth-de-proulx.html  200
/sainte-elizabeth-de-warwick  /sainte-elizabeth-de-warwick.html  200
/sainte-emelie-de-l-energie  /sainte-emelie-de-l-energie.html  200
/sainte-eulalie  /sainte-eulalie.html  200
/sainte-euphemie-sur-riviere-du-sud  /sainte-euphemie-sur-riviere-du-sud.html  200
/sainte-famille-de-l-ile-d-orleans  /sainte-famille-de-l-ile-d-orleans.html  200
/sainte-felicite  /sainte-felicite.html  200
/sainte-felicite  /sainte-felicite.html  200
/sainte-flavie  /sainte-flavie.html  200
/sainte-florence  /sainte-florence.html  200
/sainte-francoise  /sainte-francoise.html  200
/sainte-francoise  /sainte-francoise.html  200
/sainte-genevieve-de-batiscan  /sainte-genevieve-de-batiscan.html  200
/sainte-genevieve-de-berthier  /sainte-genevieve-de-berthier.html  200
/sainte-germaine-boule  /sainte-germaine-boule.html  200
/sainte-gertrude-manneville  /sainte-gertrude-manneville.html  200
/sainte-hedwidge  /sainte-hedwidge.html  200
/sainte-helene-de-bagot  /sainte-helene-de-bagot.html  200
/sainte-helene-de-chester  /sainte-helene-de-chester.html  200
/sainte-helene-de-kamouraska  /sainte-helene-de-kamouraska.html  200
/sainte-helene-de-mancebourg  /sainte-helene-de-mancebourg.html  200
/sainte-henedine  /sainte-henedine.html  200
/sainte-irene  /sainte-irene.html  200
/sainte-jeanne-d-arc  /sainte-jeanne-d-arc.html  200
/sainte-jeanne-d-arc-de-la-mitis  /sainte-jeanne-d-arc-de-la-mitis.html  200
/sainte-julie  /sainte-julie.html  200
/sainte-julienne  /sainte-julienne.html  200
/sainte-justine  /sainte-justine.html  200
/sainte-justine-de-newton  /sainte-justine-de-newton.html  200
/saint-elie-de-caxton  /saint-elie-de-caxton.html  200
/saint-eloi  /saint-eloi.html  200
/sainte-louise  /sainte-louise.html  200
/saint-elphege  /saint-elphege.html  200
/sainte-luce  /sainte-luce.html  200
/sainte-lucie-de-beauregard  /sainte-lucie-de-beauregard.html  200
/sainte-lucie-des-laurentides  /sainte-lucie-des-laurentides.html  200
/saint-elzear  /saint-elzear.html  200
/saint-elzear  /saint-elzear.html  200
/saint-elzear-de-temiscouata  /saint-elzear-de-temiscouata.html  200
/sainte-madeleine  /sainte-madeleine.html  200
/sainte-madeleine-de-la-riviere-madeleine  /sainte-madeleine-de-la-riviere-madeleine.html  200
/sainte-marcelline-de-kildare  /sainte-marcelline-de-kildare.html  200
/sainte-marguerite  /sainte-marguerite.html  200
/sainte-marguerite-du-lac-masson  /sainte-marguerite-du-lac-masson.html  200
/sainte-marguerite-marie  /sainte-marguerite-marie.html  200
/sainte-marie  /sainte-marie.html  200
/sainte-marie-de-blandford  /sainte-marie-de-blandford.html  200
/sainte-marie-madeleine  /sainte-marie-madeleine.html  200
/sainte-marie-salome  /sainte-marie-salome.html  200
/sainte-marthe  /sainte-marthe.html  200
/sainte-marthe-sur-le-lac  /sainte-marthe-sur-le-lac.html  200
/sainte-martine  /sainte-martine.html  200
/sainte-melanie  /sainte-melanie.html  200
/saint-emile-de-suffolk  /saint-emile-de-suffolk.html  200
/sainte-monique  /sainte-monique.html  200
/sainte-monique  /sainte-monique.html  200
/sainte-paule  /sainte-paule.html  200
/sainte-perpetue  /sainte-perpetue.html  200
/sainte-perpetue  /sainte-perpetue.html  200
/sainte-petronille  /sainte-petronille.html  200
/saint-ephrem-de-beauce  /saint-ephrem-de-beauce.html  200
/saint-epiphane  /saint-epiphane.html  200
/sainte-praxede  /sainte-praxede.html  200
/sainte-rita  /sainte-rita.html  200
/sainte-rose-de-watford  /sainte-rose-de-watford.html  200
/sainte-rose-du-nord  /sainte-rose-du-nord.html  200
/sainte-sabine  /sainte-sabine.html  200
/sainte-sabine  /sainte-sabine.html  200
/sainte-seraphine  /sainte-seraphine.html  200
/sainte-sophie  /sainte-sophie.html  200
/sainte-sophie-de-levrard  /sainte-sophie-de-levrard.html  200
/sainte-sophie-d-halifax  /sainte-sophie-d-halifax.html  200
/saint-esprit  /saint-esprit.html  200
/sainte-thecle  /sainte-thecle.html  200
/sainte-therese  /sainte-therese.html  200
/sainte-therese-de-gaspe  /sainte-therese-de-gaspe.html  200
/sainte-therese-de-la-gatineau  /sainte-therese-de-la-gatineau.html  200
/saint-etienne-de-beauharnois  /saint-etienne-de-beauharnois.html  200
/saint-etienne-de-bolton  /saint-etienne-de-bolton.html  200
/saint-etienne-des-gres  /saint-etienne-des-gres.html  200
/saint-eugene  /saint-eugene.html  200
/saint-eugene-d-argentenay  /saint-eugene-d-argentenay.html  200
/saint-eugene-de-guigues  /saint-eugene-de-guigues.html  200
/saint-eugene-de-ladriere  /saint-eugene-de-ladriere.html  200
/sainte-ursule  /sainte-ursule.html  200
/saint-eusebe  /saint-eusebe.html  200
/saint-eustache  /saint-eustache.html  200
/sainte-victoire-de-sorel  /sainte-victoire-de-sorel.html  200
/saint-fabien  /saint-fabien.html  200
/saint-fabien-de-panet  /saint-fabien-de-panet.html  200
/saint-felicien  /saint-felicien.html  200
/saint-felix-de-kingsey  /saint-felix-de-kingsey.html  200
/saint-felix-de-valois  /saint-felix-de-valois.html  200
/saint-felix-d-otis  /saint-felix-d-otis.html  200
/saint-ferdinand  /saint-ferdinand.html  200
/saint-ferreol-les-neiges  /saint-ferreol-les-neiges.html  200
/saint-flavien  /saint-flavien.html  200
/saint-fortunat  /saint-fortunat.html  200
/saint-francois-d-assise  /saint-francois-d-assise.html  200
/saint-francois-de-la-riviere-du-sud  /saint-francois-de-la-riviere-du-sud.html  200
/saint-francois-de-l-ile-d-orleans  /saint-francois-de-l-ile-d-orleans.html  200
/saint-francois-de-sales  /saint-francois-de-sales.html  200
/saint-francois-du-lac  /saint-francois-du-lac.html  200
/saint-francois-xavier-de-brompton  /saint-francois-xavier-de-brompton.html  200
/saint-francois-xavier-de-viger  /saint-francois-xavier-de-viger.html  200
/saint-frederic  /saint-frederic.html  200
/saint-fulgence  /saint-fulgence.html  200
/saint-gabriel  /saint-gabriel.html  200
/saint-gabriel-de-brandon  /saint-gabriel-de-brandon.html  200
/saint-gabriel-de-rimouski  /saint-gabriel-de-rimouski.html  200
/saint-gabriel-de-valcartier  /saint-gabriel-de-valcartier.html  200
/saint-gabriel-lalemant  /saint-gabriel-lalemant.html  200
/saint-gedeon  /saint-gedeon.html  200
/saint-gedeon-de-beauce  /saint-gedeon-de-beauce.html  200
/saint-georges  /saint-georges.html  200
/saint-georges-de-windsor  /saint-georges-de-windsor.html  200
/saint-gerard-majella  /saint-gerard-majella.html  200
/saint-germain-de-grantham  /saint-germain-de-grantham.html  200
/saint-germain-de-kamouraska  /saint-germain-de-kamouraska.html  200
/saint-gervais  /saint-gervais.html  200
/saint-gilbert  /saint-gilbert.html  200
/saint-gilles  /saint-gilles.html  200
/saint-godefroi  /saint-godefroi.html  200
/saint-guillaume  /saint-guillaume.html  200
/saint-guillaume-nord  /saint-guillaume-nord.html  200
/saint-henri  /saint-henri.html  200
/saint-henri-de-taillon  /saint-henri-de-taillon.html  200
/saint-hermenegilde  /saint-hermenegilde.html  200
/saint-hilaire-de-dorset  /saint-hilaire-de-dorset.html  200
/saint-hilarion  /saint-hilarion.html  200
/saint-hippolyte  /saint-hippolyte.html  200
/saint-honore  /saint-honore.html  200
/saint-honore-de-shenley  /saint-honore-de-shenley.html  200
/saint-honore-de-temiscouata  /saint-honore-de-temiscouata.html  200
/saint-hubert-de-riviere-du-loup  /saint-hubert-de-riviere-du-loup.html  200
/saint-hugues  /saint-hugues.html  200
/saint-hyacinthe  /saint-hyacinthe.html  200
/saint-ignace-de-loyola  /saint-ignace-de-loyola.html  200
/saint-ignace-de-stanbridge  /saint-ignace-de-stanbridge.html  200
/saint-irenee  /saint-irenee.html  200
/saint-isidore  /saint-isidore.html  200
/saint-isidore  /saint-isidore.html  200
/saint-isidore-de-clifton  /saint-isidore-de-clifton.html  200
/saint-jacques  /saint-jacques.html  200
/saint-jacques-de-leeds  /saint-jacques-de-leeds.html  200
/saint-jacques-le-mineur  /saint-jacques-le-mineur.html  200
/saint-jacques-le-majeur-de-wolfestown  /saint-jacques-le-majeur-de-wolfestown.html  200
/saint-janvier-de-joly  /saint-janvier-de-joly.html  200
/saint-jean-baptiste  /saint-jean-baptiste.html  200
/saint-jean-de-brebeuf  /saint-jean-de-brebeuf.html  200
/saint-jean-de-cherbourg  /saint-jean-de-cherbourg.html  200
/saint-jean-de-dieu  /saint-jean-de-dieu.html  200
/saint-jean-de-la-lande  /saint-jean-de-la-lande.html  200
/saint-jean-de-l-ile-d-orleans  /saint-jean-de-l-ile-d-orleans.html  200
/saint-jean-de-matha  /saint-jean-de-matha.html  200
/saint-jean-port-joli  /saint-jean-port-joli.html  200
/saint-jean-sur-richelieu  /saint-jean-sur-richelieu.html  200
/saint-jerome  /saint-jerome.html  200
/saint-joachim  /saint-joachim.html  200
/saint-joachim-de-shefford  /saint-joachim-de-shefford.html  200
/saint-joseph-de-beauce  /saint-joseph-de-beauce.html  200
/saint-joseph-de-coleraine  /saint-joseph-de-coleraine.html  200
/saint-joseph-de-kamouraska  /saint-joseph-de-kamouraska.html  200
/saint-joseph-de-lepage  /saint-joseph-de-lepage.html  200
/saint-joseph-des-erables  /saint-joseph-des-erables.html  200
/saint-joseph-de-sorel  /saint-joseph-de-sorel.html  200
/saint-joseph-du-lac  /saint-joseph-du-lac.html  200
/saint-jude  /saint-jude.html  200
/saint-jules  /saint-jules.html  200
/saint-julien  /saint-julien.html  200
/saint-just-de-bretenieres  /saint-just-de-bretenieres.html  200
/saint-juste-du-lac  /saint-juste-du-lac.html  200
/saint-justin  /saint-justin.html  200
/saint-lambert  /saint-lambert.html  200
/saint-lambert  /saint-lambert.html  200
/saint-lambert-de-lauzon  /saint-lambert-de-lauzon.html  200
/saint-laurent-de-l-ile-d-orleans  /saint-laurent-de-l-ile-d-orleans.html  200
/saint-lazare  /saint-lazare.html  200
/saint-lazare-de-bellechasse  /saint-lazare-de-bellechasse.html  200
/saint-leandre  /saint-leandre.html  200
/saint-leonard-d-aston  /saint-leonard-d-aston.html  200
/saint-leonard-de-portneuf  /saint-leonard-de-portneuf.html  200
/saint-leon-de-standon  /saint-leon-de-standon.html  200
/saint-leon-le-grand  /saint-leon-le-grand.html  200
/saint-leon-le-grand  /saint-leon-le-grand.html  200
/saint-liboire  /saint-liboire.html  200
/saint-liguori  /saint-liguori.html  200
/saint-lin-laurentides  /saint-lin-laurentides.html  200
/saint-louis  /saint-louis.html  200
/saint-louis-de-gonzague-du-cap-tourmente  /saint-louis-de-gonzague-du-cap-tourmente.html  200
/saint-louis-de-blandford  /saint-louis-de-blandford.html  200
/saint-louis-de-gonzague  /saint-louis-de-gonzague.html  200
/saint-louis-de-gonzague  /saint-louis-de-gonzague.html  200
/saint-louis-du-ha-ha  /saint-louis-du-ha-ha.html  200
/saint-luc-de-bellechasse  /saint-luc-de-bellechasse.html  200
/saint-luc-de-vincennes  /saint-luc-de-vincennes.html  200
/saint-lucien  /saint-lucien.html  200
/saint-ludger  /saint-ludger.html  200
/saint-ludger-de-milot  /saint-ludger-de-milot.html  200
/saint-magloire  /saint-magloire.html  200
/saint-majorique-de-grantham  /saint-majorique-de-grantham.html  200
/saint-malachie  /saint-malachie.html  200
/saint-malo  /saint-malo.html  200
/saint-marc-de-figuery  /saint-marc-de-figuery.html  200
/saint-marc-des-carrieres  /saint-marc-des-carrieres.html  200
/saint-marc-du-lac-long  /saint-marc-du-lac-long.html  200
/saint-marcel  /saint-marcel.html  200
/saint-marcel-de-richelieu  /saint-marcel-de-richelieu.html  200
/saint-marcellin  /saint-marcellin.html  200
/saint-marc-sur-richelieu  /saint-marc-sur-richelieu.html  200
/saint-martin  /saint-martin.html  200
/saint-mathias-sur-richelieu  /saint-mathias-sur-richelieu.html  200
/saint-mathieu  /saint-mathieu.html  200
/saint-mathieu-de-beloeil  /saint-mathieu-de-beloeil.html  200
/saint-mathieu-de-rioux  /saint-mathieu-de-rioux.html  200
/saint-mathieu-d-harricana  /saint-mathieu-d-harricana.html  200
/saint-mathieu-du-parc  /saint-mathieu-du-parc.html  200
/saint-maurice  /saint-maurice.html  200
/saint-maxime-du-mont-louis  /saint-maxime-du-mont-louis.html  200
/saint-medard  /saint-medard.html  200
/saint-michel  /saint-michel.html  200
/saint-michel-de-bellechasse  /saint-michel-de-bellechasse.html  200
/saint-michel-des-saints  /saint-michel-des-saints.html  200
/saint-michel-du-squatec  /saint-michel-du-squatec.html  200
/saint-modeste  /saint-modeste.html  200
/saint-moise  /saint-moise.html  200
/saint-narcisse  /saint-narcisse.html  200
/saint-narcisse-de-beaurivage  /saint-narcisse-de-beaurivage.html  200
/saint-narcisse-de-rimouski  /saint-narcisse-de-rimouski.html  200
/saint-nazaire  /saint-nazaire.html  200
/saint-nazaire-d-acton  /saint-nazaire-d-acton.html  200
/saint-nazaire-de-dorchester  /saint-nazaire-de-dorchester.html  200
/saint-neree-de-bellechasse  /saint-neree-de-bellechasse.html  200
/saint-noel  /saint-noel.html  200
/saint-norbert  /saint-norbert.html  200
/saint-norbert-d-arthabaska  /saint-norbert-d-arthabaska.html  200
/saint-octave-de-metis  /saint-octave-de-metis.html  200
/saint-odilon-de-cranbourne  /saint-odilon-de-cranbourne.html  200
/saint-omer  /saint-omer.html  200
/saint-ours  /saint-ours.html  200
/saint-pacome  /saint-pacome.html  200
/saint-pamphile  /saint-pamphile.html  200
/saint-pascal  /saint-pascal.html  200
/saint-patrice-de-beaurivage  /saint-patrice-de-beaurivage.html  200
/saint-patrice-de-sherrington  /saint-patrice-de-sherrington.html  200
/saint-paul  /saint-paul.html  200
/saint-paul-d-abbotsford  /saint-paul-d-abbotsford.html  200
/saint-paul-de-la-croix  /saint-paul-de-la-croix.html  200
/saint-paul-de-l-ile-aux-noix  /saint-paul-de-l-ile-aux-noix.html  200
/saint-paul-de-montminy  /saint-paul-de-montminy.html  200
/saint-paulin  /saint-paulin.html  200
/saint-philemon  /saint-philemon.html  200
/saint-philibert  /saint-philibert.html  200
/saint-philippe  /saint-philippe.html  200
/saint-philippe-de-neri  /saint-philippe-de-neri.html  200
/saint-pie  /saint-pie.html  200
/saint-pie-de-guire  /saint-pie-de-guire.html  200
/saint-pierre  /saint-pierre.html  200
/saint-pierre-baptiste  /saint-pierre-baptiste.html  200
/saint-pierre-de-broughton  /saint-pierre-de-broughton.html  200
/saint-pierre-de-lamy  /saint-pierre-de-lamy.html  200
/saint-pierre-de-l-ile-d-orleans  /saint-pierre-de-l-ile-d-orleans.html  200
/saint-pierre-les-becquets  /saint-pierre-les-becquets.html  200
/saint-pierre-de-la-riviere-du-sud  /saint-pierre-de-la-riviere-du-sud.html  200
/saint-placide  /saint-placide.html  200
/saint-polycarpe  /saint-polycarpe.html  200
/saint-prime  /saint-prime.html  200
/saint-prosper  /saint-prosper.html  200
/saint-prosper-de-champlain  /saint-prosper-de-champlain.html  200
/saint-raphael  /saint-raphael.html  200
/saint-raymond  /saint-raymond.html  200
/saint-remi  /saint-remi.html  200
/saint-remi-de-tingwick  /saint-remi-de-tingwick.html  200
/saint-rene  /saint-rene.html  200
/saint-rene-de-matane  /saint-rene-de-matane.html  200
/saint-robert  /saint-robert.html  200
/saint-robert-bellarmin  /saint-robert-bellarmin.html  200
/saint-roch-de-l-achigan  /saint-roch-de-l-achigan.html  200
/saint-roch-de-mekinac  /saint-roch-de-mekinac.html  200
/saint-roch-de-richelieu  /saint-roch-de-richelieu.html  200
/saint-roch-des-aulnaies  /saint-roch-des-aulnaies.html  200
/saint-roch-ouest  /saint-roch-ouest.html  200
/saint-romain  /saint-romain.html  200
/saint-rosaire  /saint-rosaire.html  200
/saint-samuel  /saint-samuel.html  200
/saints-anges  /saints-anges.html  200
/saint-sauveur  /saint-sauveur.html  200
/saint-sebastien  /saint-sebastien.html  200
/saint-sebastien  /saint-sebastien.html  200
/saint-severe  /saint-severe.html  200
/saint-severin  /saint-severin.html  200
/saint-severin  /saint-severin.html  200
/saint-simeon  /saint-simeon.html  200
/saint-simeon  /saint-simeon.html  200
/saint-simon  /saint-simon.html  200
/saint-simon-de-rimouski  /saint-simon-de-rimouski.html  200
/saint-simon-les-mines  /saint-simon-les-mines.html  200
/saint-sixte  /saint-sixte.html  200
/saints-martyrs-canadiens  /saints-martyrs-canadiens.html  200
/saint-stanislas  /saint-stanislas.html  200
/saint-stanislas  /saint-stanislas.html  200
/saint-stanislas-de-kostka  /saint-stanislas-de-kostka.html  200
/saint-sulpice  /saint-sulpice.html  200
/saint-sylvere  /saint-sylvere.html  200
/saint-sylvestre  /saint-sylvestre.html  200
/saint-telesphore  /saint-telesphore.html  200
/saint-tharcisius  /saint-tharcisius.html  200
/saint-theodore-d-acton  /saint-theodore-d-acton.html  200
/saint-theophile  /saint-theophile.html  200
/saint-thomas  /saint-thomas.html  200
/saint-thomas-didyme  /saint-thomas-didyme.html  200
/saint-thuribe  /saint-thuribe.html  200
/saint-tite  /saint-tite.html  200
/saint-tite-des-caps  /saint-tite-des-caps.html  200
/saint-ubalde  /saint-ubalde.html  200
/saint-ulric  /saint-ulric.html  200
/saint-urbain  /saint-urbain.html  200
/saint-urbain-premier  /saint-urbain-premier.html  200
/saint-valentin  /saint-valentin.html  200
/saint-valere  /saint-valere.html  200
/saint-valerien  /saint-valerien.html  200
/saint-valerien-de-milton  /saint-valerien-de-milton.html  200
/saint-vallier  /saint-vallier.html  200
/saint-venant-de-paquette  /saint-venant-de-paquette.html  200
/saint-vianney  /saint-vianney.html  200
/saint-victor  /saint-victor.html  200
/saint-wenceslas  /saint-wenceslas.html  200
/saint-zacharie  /saint-zacharie.html  200
/saint-zenon  /saint-zenon.html  200
/saint-zenon-du-lac-humqui  /saint-zenon-du-lac-humqui.html  200
/saint-zephirin-de-courval  /saint-zephirin-de-courval.html  200
/saint-zotique  /saint-zotique.html  200
/salaberry-de-valleyfield  /salaberry-de-valleyfield.html  200
/salluit  /salluit.html  200
/salluit  /salluit.html  200
/sault-au-cochon  /sault-au-cochon.html  200
/sayabec  /sayabec.html  200
/schefferville  /schefferville.html  200
/scotstown  /scotstown.html  200
/scott  /scott.html  200
/senneterre  /senneterre.html  200
/senneterre  /senneterre.html  200
/senneville  /senneville.html  200
/sept-iles  /sept-iles.html  200
/shannon  /shannon.html  200
/shawinigan  /shawinigan.html  200
/shawville  /shawville.html  200
/sheenboro  /sheenboro.html  200
/shefford  /shefford.html  200
/sherbrooke  /sherbrooke.html  200
/shigawake  /shigawake.html  200
/sorel-tracy  /sorel-tracy.html  200
/stanbridge-east  /stanbridge-east.html  200
/stanbridge-station  /stanbridge-station.html  200
/stanstead  /stanstead.html  200
/stanstead  /stanstead.html  200
/stanstead-est  /stanstead-est.html  200
/sainte-catherine-de-la-jacques-cartier  /sainte-catherine-de-la-jacques-cartier.html  200
/stoke  /stoke.html  200
/stoneham-et-tewkesbury  /stoneham-et-tewkesbury.html  200
/stornoway  /stornoway.html  200
/stratford  /stratford.html  200
/stukely-sud  /stukely-sud.html  200
/sutton  /sutton.html  200
/tadoussac  /tadoussac.html  200
/taschereau  /taschereau.html  200
/tasiujaq  /tasiujaq.html  200
/tasiujaq  /tasiujaq.html  200
/temiscaming  /temiscaming.html  200
/temiscouata-sur-le-lac  /temiscouata-sur-le-lac.html  200
/terrasse-vaudreuil  /terrasse-vaudreuil.html  200
/terrebonne  /terrebonne.html  200
/thetford-mines  /thetford-mines.html  200
/thorne  /thorne.html  200
/thurso  /thurso.html  200
/timiskaming  /timiskaming.html  200
/tingwick  /tingwick.html  200
/toponyme-a-venir  /toponyme-a-venir.html  200
/toponyme-a-venir  /toponyme-a-venir.html  200
/toponyme-a-venir  /toponyme-a-venir.html  200
/toponyme-a-venir  /toponyme-a-venir.html  200
/toponyme-a-venir  /toponyme-a-venir.html  200
/toponyme-a-venir  /toponyme-a-venir.html  200
/toponyme-a-venir  /toponyme-a-venir.html  200
/toponyme-a-venir  /toponyme-a-venir.html  200
/tourville  /tourville.html  200
/trecesson  /trecesson.html  200
/tres-saint-redempteur  /tres-saint-redempteur.html  200
/tres-saint-sacrement  /tres-saint-sacrement.html  200
/tring-jonction  /tring-jonction.html  200
/trois-pistoles  /trois-pistoles.html  200
/trois-rives  /trois-rives.html  200
/trois-rivieres  /trois-rivieres.html  200
/uashat  /uashat.html  200
/ulverton  /ulverton.html  200
/umiujaq  /umiujaq.html  200
/umiujaq  /umiujaq.html  200
/upton  /upton.html  200
/val-alain  /val-alain.html  200
/val-brillant  /val-brillant.html  200
/valcourt  /valcourt.html  200
/valcourt  /valcourt.html  200
/val-david  /val-david.html  200
/val-des-bois  /val-des-bois.html  200
/val-des-lacs  /val-des-lacs.html  200
/val-des-monts  /val-des-monts.html  200
/val-des-sources  /val-des-sources.html  200
/val-d-or  /val-d-or.html  200
/val-joli  /val-joli.html  200
/vallee-jonction  /vallee-jonction.html  200
/val-morin  /val-morin.html  200
/val-racine  /val-racine.html  200
/val-saint-gilles  /val-saint-gilles.html  200
/varennes  /varennes.html  200
/vaudreuil-dorion  /vaudreuil-dorion.html  200
/vaudreuil-sur-le-lac  /vaudreuil-sur-le-lac.html  200
/venise-en-quebec  /venise-en-quebec.html  200
/vercheres  /vercheres.html  200
/victoriaville  /victoriaville.html  200
/ville-marie  /ville-marie.html  200
/villeroy  /villeroy.html  200
/waltham  /waltham.html  200
/warden  /warden.html  200
/warwick  /warwick.html  200
/waskaganish  /waskaganish.html  200
/waskaganish  /waskaganish.html  200
/waswanipi  /waswanipi.html  200
/waswanipi  /waswanipi.html  200
/waterloo  /waterloo.html  200
/waterville  /waterville.html  200
/weedon  /weedon.html  200
/wemindji  /wemindji.html  200
/wemindji  /wemindji.html  200
/wemotaci  /wemotaci.html  200
/wendake  /wendake.html  200
/wentworth  /wentworth.html  200
/wentworth-nord  /wentworth-nord.html  200
/westbury  /westbury.html  200
/westmount  /westmount.html  200
/whapmagoostui  /whapmagoostui.html  200
/whapmagoostui  /whapmagoostui.html  200
/wickham  /wickham.html  200
/windsor  /windsor.html  200
/wolinak  /wolinak.html  200
/wotton  /wotton.html  200
/yamachiche  /yamachiche.html  200
/yamaska  /yamaska.html  200
/region/:r  /region/:r.html  200
/soumission-excavation/  https://soumissionrenovation.ca/fr/formulaire/service/excavation-terrassement?landing&steps&utm_campaign=jb  302
